<?xml version="1.0"?>
<doc>
    <assembly>
        <name>Microsoft.Owin.Host.IIS</name>
    </assembly>
    <members>
        <member name="T:Microsoft.Owin.Host.IIS.Resources.Res">
            <summary>
              A strongly-typed resource class, for looking up localized strings, etc.
            </summary>
        </member>
        <member name="P:Microsoft.Owin.Host.IIS.Resources.Res.ResourceManager">
            <summary>
              Returns the cached ResourceManager instance used by this class.
            </summary>
        </member>
        <member name="P:Microsoft.Owin.Host.IIS.Resources.Res.Culture">
            <summary>
              Overrides the current thread's CurrentUICulture property for all
              resource lookups using this strongly typed resource class.
            </summary>
        </member>
        <member name="P:Microsoft.Owin.Host.IIS.Resources.Res.Dictionary_DuplicateKey">
            <summary>
              Looks up a localized string similar to An item with the same key has already been added..
            </summary>
        </member>
    </members>
</doc>
